Distance_accuracies,Path_accuracies
5788.119279132475,
7245.832694971338,0.0
